gen,fit,cross,rec,size,wires
0,-0.038462,28,2,26,40
1,-0.038462,28,2,26,40
2,-0.035894,31,1,26,40
3,-0.031000,34,0,26,47
4,-0.028408,29,0,26,40
5,-0.028258,22,0,26,34
6,-0.027906,25,1,26,36
7,-0.027906,25,1,26,36
8,-0.026804,28,2,26,40
9,-0.026804,28,2,26,40
10,-0.026309,26,2,26,38
11,-0.025779,26,2,26,41
12,-0.025779,26,2,26,41
13,-0.024957,32,2,26,45
14,-0.024463,34,2,26,48
15,-0.024463,34,2,26,48
16,-0.023337,34,2,26,48
17,-0.023337,34,2,26,48
18,-0.022726,29,1,26,41
19,-0.022631,32,2,26,44
20,-0.022392,35,3,26,48
21,-0.022392,35,3,26,48
22,-0.022392,35,3,26,48
23,-0.022392,35,3,26,48
24,-0.022392,35,3,26,48
25,-0.022392,35,3,26,48
26,-0.020903,17,1,16,25
27,-0.020903,17,1,16,25
28,-0.020903,17,1,16,25
29,-0.020428,17,1,16,24
30,-0.020015,19,1,16,28
31,-0.020015,19,1,16,28
32,-0.019605,20,1,16,27
33,-0.019229,21,2,16,32
34,-0.018877,22,2,16,31
35,-0.018877,22,2,16,31
36,-0.018877,22,2,16,31
37,-0.018877,22,2,16,31
38,-0.018877,22,2,16,31
39,-0.018852,25,2,16,35
40,-0.018695,21,2,16,31
41,-0.018484,28,2,16,39
42,-0.018484,28,2,16,39
43,-0.018450,27,2,16,39
44,-0.018450,27,2,16,39
45,-0.018450,27,2,16,39
46,-0.018407,27,2,16,40
47,-0.018258,27,3,16,41
48,-0.018258,27,3,16,41
49,-0.018238,30,3,16,43
50,-0.018214,30,2,16,43
51,-0.018214,30,2,16,43
52,-0.018214,30,2,16,43
53,-0.018214,30,2,16,43
54,-0.018214,30,2,16,43
55,-0.018141,33,3,16,48
56,-0.018101,33,2,16,50
57,-0.018004,31,3,16,46
58,-0.018004,31,3,16,46
59,-0.018004,31,3,16,46
60,-0.018004,31,3,16,46
61,-0.018004,31,3,16,46
62,-0.017816,32,3,16,47
63,-0.017816,32,3,16,47
64,-0.017816,32,3,16,47
65,-0.017816,32,3,16,47
66,-0.017816,32,3,16,47
67,-0.017816,32,3,16,47
68,-0.017816,32,3,16,47
69,-0.017786,33,3,16,50
70,-0.017786,33,3,16,50
71,-0.017786,33,3,16,50
72,-0.017786,33,3,16,50
73,-0.017786,33,3,16,50
74,-0.017786,33,3,16,50
75,-0.017786,33,3,16,50
76,-0.017765,36,4,16,56
77,-0.017765,36,4,16,56
78,-0.017765,36,4,16,56
79,-0.017765,36,4,16,56
80,-0.017765,36,4,16,56
81,-0.017765,36,4,16,56
82,-0.017765,36,4,16,56
83,-0.017765,36,4,16,56
84,-0.017765,36,4,16,56
85,-0.017765,36,4,16,56
86,-0.017765,36,4,16,56
87,-0.017765,36,4,16,56
88,-0.017765,36,4,16,56
89,-0.017765,36,4,16,56
90,-0.017765,36,4,16,56
91,-0.017765,36,4,16,56
92,-0.017765,36,4,16,56
93,-0.017765,36,4,16,56
94,-0.017765,36,4,16,56
95,-0.017765,36,4,16,56
96,-0.017765,36,4,16,56
97,-0.017765,36,4,16,56
98,-0.017765,36,4,16,56
99,-0.017765,36,4,16,56
100,-0.017765,36,4,16,56
101,-0.017765,36,4,16,56
102,-0.017765,36,4,16,56
103,-0.017765,36,4,16,56
104,-0.017714,44,5,16,68
105,-0.017714,44,5,16,68
106,-0.017714,44,5,16,68
107,-0.017714,44,5,16,68
108,-0.017714,44,5,16,68
109,-0.017714,44,5,16,68
110,-0.017714,44,5,16,68
111,-0.017714,44,5,16,68
112,-0.017703,47,3,16,68
113,-0.017703,47,3,16,68
114,-0.017703,47,3,16,68
115,-0.017703,47,3,16,68
116,-0.017703,47,3,16,68
117,-0.017703,47,3,16,68
118,-0.017703,47,3,16,68
119,-0.017703,47,3,16,68
120,-0.017703,47,3,16,68
121,-0.017703,47,3,16,68
122,-0.017703,47,3,16,68
123,-0.017703,47,3,16,68
124,-0.017703,47,3,16,68
125,-0.017703,47,3,16,68
126,-0.017703,47,3,16,68
127,-0.017703,47,3,16,68
128,-0.017703,47,3,16,68
129,-0.017703,47,3,16,68
130,-0.017703,47,3,16,68
131,-0.017703,47,3,16,68
132,-0.017703,47,3,16,68
133,-0.017703,47,3,16,68
134,-0.017703,47,3,16,68
135,-0.017703,47,3,16,68
136,-0.017703,47,3,16,68
137,-0.017703,47,3,16,68
138,-0.017703,47,3,16,68
139,-0.017703,47,3,16,68
140,-0.017703,47,3,16,68
141,-0.017703,47,3,16,68
142,-0.017703,47,3,16,68
143,-0.017703,47,3,16,68
144,-0.017703,47,3,16,68
145,-0.017703,47,3,16,68
146,-0.017703,47,3,16,68
147,-0.017703,47,3,16,68
148,-0.017703,47,3,16,68
149,-0.017703,47,3,16,68
150,-0.017703,47,3,16,68
151,-0.017703,47,3,16,68
152,-0.017703,47,3,16,68
153,-0.017703,47,3,16,68
154,-0.017703,47,3,16,68
155,-0.017703,47,3,16,68
156,-0.017703,47,3,16,68
157,-0.017703,47,3,16,68
158,-0.017703,47,3,16,68
159,-0.017703,47,3,16,68
160,-0.017703,47,3,16,68
161,-0.017703,47,3,16,68
162,-0.017703,47,3,16,68
163,-0.017703,47,3,16,68
164,-0.017703,47,3,16,68
165,-0.017681,65,5,16,98
166,-0.017681,65,5,16,98
167,-0.017681,65,5,16,98
168,-0.017681,65,5,16,98
169,-0.017681,65,5,16,98
170,-0.017681,65,5,16,98
171,-0.017681,65,5,16,98
172,-0.017670,66,6,16,101
173,-0.017670,66,6,16,101
174,-0.017670,66,6,16,101
175,-0.017670,66,6,16,101
176,-0.017670,66,6,16,101
177,-0.017670,66,6,16,101
178,-0.017670,66,6,16,101
179,-0.017670,66,6,16,101
180,-0.017670,66,6,16,101
181,-0.017670,66,6,16,101
182,-0.017670,66,6,16,101
183,-0.017670,66,6,16,101
184,-0.017670,66,6,16,101
185,-0.017670,66,6,16,101
186,-0.017670,66,6,16,101
187,-0.017670,66,6,16,101
188,-0.017670,66,6,16,101
189,-0.017670,66,6,16,101
190,-0.017670,66,6,16,101
191,-0.017670,66,6,16,101
192,-0.017670,66,6,16,101
193,-0.017670,66,6,16,101
194,-0.017670,66,6,16,101
195,-0.017670,66,6,16,101
196,-0.017670,66,6,16,101
197,-0.017670,66,6,16,101
198,-0.017670,66,6,16,101
199,-0.017670,66,6,16,101
200,-0.017670,66,6,16,101
201,-0.017670,66,6,16,101
202,-0.017670,66,6,16,101
203,-0.017670,66,6,16,101
204,-0.017670,66,6,16,101
205,-0.017670,66,6,16,101
206,-0.017670,66,6,16,101
207,-0.017670,66,6,16,101
208,-0.017670,66,6,16,101
209,-0.017670,66,6,16,101
210,-0.017670,66,6,16,101
211,-0.017670,66,6,16,101
212,-0.017670,66,6,16,101
213,-0.017670,66,6,16,101
214,-0.017670,66,6,16,101
215,-0.017670,66,6,16,101
216,-0.017670,66,6,16,101
217,-0.017670,66,6,16,101
218,-0.017670,66,6,16,101
219,-0.017670,66,6,16,101
220,-0.017670,66,6,16,101
221,-0.017670,66,6,16,101
222,-0.017670,66,6,16,101
223,-0.017670,66,6,16,101
224,-0.017670,66,6,16,101
225,-0.017670,66,6,16,101
226,-0.017670,66,6,16,101
227,-0.017670,66,6,16,101
228,-0.017670,66,6,16,101
229,-0.017670,66,6,16,101
230,-0.017670,66,6,16,101
231,-0.017670,66,6,16,101
232,-0.017670,66,6,16,101
233,-0.017670,66,6,16,101
234,-0.017670,66,6,16,101
235,-0.017670,66,6,16,101
236,-0.017670,66,6,16,101
237,-0.017670,66,6,16,101
238,-0.017670,66,6,16,101
239,-0.017670,66,6,16,101
240,-0.017670,66,6,16,101
241,-0.017670,66,6,16,101
242,-0.017670,66,6,16,101
243,-0.017670,66,6,16,101
244,-0.017670,66,6,16,101
245,-0.017670,66,6,16,101
246,-0.017670,66,6,16,101
247,-0.017670,66,6,16,101
248,-0.017670,66,6,16,101
249,-0.017670,66,6,16,101
250,-0.017670,66,6,16,101
251,-0.017670,66,6,16,101
252,-0.017670,66,6,16,101
253,-0.017670,66,6,16,101
254,-0.017670,66,6,16,101
255,-0.017670,66,6,16,101
256,-0.017670,66,6,16,101
257,-0.017670,66,6,16,101
258,-0.017670,66,6,16,101
259,-0.017670,66,6,16,101
260,-0.017670,66,6,16,101
261,-0.017670,66,6,16,101
262,-0.017670,66,6,16,101
263,-0.017670,66,6,16,101
264,-0.017670,66,6,16,101
265,-0.017670,66,6,16,101
266,-0.017670,66,6,16,101
267,-0.017670,66,6,16,101
268,-0.017670,66,6,16,101
269,-0.017670,66,6,16,101
270,-0.017670,66,6,16,101
271,-0.017670,66,6,16,101
272,-0.017670,66,6,16,101
273,-0.017670,66,6,16,101
274,-0.017670,66,6,16,101
275,-0.017670,66,6,16,101
276,-0.017670,66,6,16,101
277,-0.017670,66,6,16,101
278,-0.017670,66,6,16,101
279,-0.017670,66,6,16,101
280,-0.017670,66,6,16,101
281,-0.017670,66,6,16,101
282,-0.017670,66,6,16,101
283,-0.017670,66,6,16,101
284,-0.017670,66,6,16,101
285,-0.017670,66,6,16,101
286,-0.017670,66,6,16,101
287,-0.017670,66,6,16,101
288,-0.017670,66,6,16,101
289,-0.017670,66,6,16,101
290,-0.017670,66,6,16,101
291,-0.017670,66,6,16,101
292,-0.017670,66,6,16,101
293,-0.017670,66,6,16,101
294,-0.017670,66,6,16,101
295,-0.017670,66,6,16,101
296,-0.017670,66,6,16,101
297,-0.017670,66,6,16,101
298,-0.017670,66,6,16,101
299,-0.017670,66,6,16,101
300,-0.017670,66,6,16,101
301,-0.017670,66,6,16,101
302,-0.017670,66,6,16,101
303,-0.017670,66,6,16,101
304,-0.017670,66,6,16,101
305,-0.017670,66,6,16,101
306,-0.017670,66,6,16,101
307,-0.017670,66,6,16,101
308,-0.017670,66,6,16,101
309,-0.017670,66,6,16,101
310,-0.017670,66,6,16,101
311,-0.017670,66,6,16,101
312,-0.017670,66,6,16,101
313,-0.017670,66,6,16,101
314,-0.017670,66,6,16,101
315,-0.017670,66,6,16,101
316,-0.017670,66,6,16,101
317,-0.017670,66,6,16,101
318,-0.017670,66,6,16,101
319,-0.017670,66,6,16,101
320,-0.017670,66,6,16,101
321,-0.017670,66,6,16,101
322,-0.017670,66,6,16,101
323,-0.017670,66,6,16,101
324,-0.017670,66,6,16,101
325,-0.017670,66,6,16,101
326,-0.017670,66,6,16,101
327,-0.017670,66,6,16,101
328,-0.016884,76,7,16,114
329,-0.015716,74,8,16,115
330,-0.015716,74,8,16,115
331,-0.015377,76,7,16,114
332,-0.015377,76,7,16,114
333,-0.015377,76,7,16,114
334,-0.015377,76,7,16,114
335,-0.015377,76,7,16,114
336,-0.015377,76,7,16,114
337,-0.015377,76,7,16,114
338,-0.015377,76,7,16,114
339,-0.015377,76,7,16,114
340,-0.015344,77,7,16,115
341,-0.015344,77,7,16,115
342,-0.015344,77,7,16,115
343,-0.015344,77,7,16,115
344,-0.015344,77,7,16,115
345,-0.014058,77,6,16,114
346,-0.014058,77,6,16,114
347,-0.014042,77,6,16,115
348,-0.014042,77,6,16,115
349,-0.014042,77,6,16,115
350,-0.014042,77,6,16,115
351,-0.014016,78,6,16,119
352,-0.014016,78,6,16,119
353,-0.014016,78,6,16,119
354,-0.014016,78,6,16,119
355,-0.014016,78,6,16,119
356,-0.013866,79,6,16,120
357,-0.013866,79,6,16,120
358,-0.013866,79,6,16,120
359,-0.013801,79,8,16,122
360,-0.013801,79,8,16,122
361,-0.013801,79,8,16,122
362,-0.013801,79,8,16,122
363,-0.013801,79,8,16,122
364,-0.013801,79,8,16,122
365,-0.013801,79,8,16,122
366,-0.013801,79,8,16,122
367,-0.013801,79,8,16,122
368,-0.013801,79,8,16,122
369,-0.013801,79,8,16,122
370,-0.013801,79,8,16,122
371,-0.013801,79,8,16,122
372,-0.013801,79,8,16,122
373,-0.013801,79,8,16,122
374,-0.013801,79,8,16,122
375,-0.013801,79,8,16,122
376,-0.013801,79,8,16,122
377,-0.013755,86,8,16,131
378,-0.013755,86,8,16,131
379,-0.013755,86,8,16,131
380,-0.013755,86,8,16,131
381,-0.013755,86,8,16,131
382,-0.013755,86,8,16,131
383,-0.013755,86,8,16,131
384,-0.013737,84,7,16,125
385,-0.013737,84,7,16,125
386,-0.013647,85,8,16,132
387,-0.013647,85,8,16,132
388,-0.013596,88,9,16,134
389,-0.013596,88,9,16,134
390,-0.013596,88,9,16,134
391,-0.013563,88,9,16,134
392,-0.013484,83,7,16,126
393,-0.013484,83,7,16,126
394,-0.013484,83,7,16,126
395,-0.013484,83,7,16,126
396,-0.013484,83,7,16,126
397,-0.013484,83,7,16,126
398,-0.013484,83,7,16,126
399,-0.013484,83,7,16,126
400,-0.013484,83,7,16,126
401,-0.013484,83,7,16,126
402,-0.013484,83,7,16,126
403,-0.013484,83,7,16,126
404,-0.013484,83,7,16,126
405,-0.013484,83,7,16,126
406,-0.013484,83,7,16,126
407,-0.013484,83,7,16,126
408,-0.013484,83,7,16,126
409,-0.013484,83,7,16,126
410,-0.013484,83,7,16,126
411,-0.013484,83,7,16,126
412,-0.013484,83,7,16,126
413,-0.013484,83,7,16,126
414,-0.013484,83,7,16,126
415,-0.013484,83,7,16,126
416,-0.013484,83,7,16,126
417,-0.013484,83,7,16,126
418,-0.013484,83,7,16,126
419,-0.013484,83,7,16,126
420,-0.013484,83,7,16,126
421,-0.013484,83,7,16,126
422,-0.013484,83,7,16,126
423,-0.013484,83,7,16,126
424,-0.013484,83,7,16,126
425,-0.013484,83,7,16,126
426,-0.013457,93,8,16,139
427,-0.013457,93,8,16,139
428,-0.013457,93,8,16,139
429,-0.013457,93,8,16,139
430,-0.013439,86,7,16,130
431,-0.013439,86,7,16,130
432,-0.013439,86,7,16,130
433,-0.013439,86,7,16,130
434,-0.013439,86,7,16,130
435,-0.013439,86,7,16,130
436,-0.013439,86,7,16,130
437,-0.013439,86,7,16,130
438,-0.013439,86,7,16,130
439,-0.013439,86,7,16,130
440,-0.013439,86,7,16,130
441,-0.013439,86,7,16,130
442,-0.013439,86,7,16,130
443,-0.013439,86,7,16,130
444,-0.013439,86,7,16,130
445,-0.013439,86,7,16,130
446,-0.013439,86,7,16,130
447,-0.013439,86,7,16,130
448,-0.013439,86,7,16,130
449,-0.013439,86,7,16,130
450,-0.013439,86,7,16,130
451,-0.013439,86,7,16,130
452,-0.013439,86,7,16,130
453,-0.013439,86,7,16,130
454,-0.013439,86,7,16,130
455,-0.013439,86,7,16,130
456,-0.013439,86,7,16,130
457,-0.013439,86,7,16,130
458,-0.013439,86,7,16,130
459,-0.013439,86,7,16,130
460,-0.013439,86,7,16,130
461,-0.013439,86,7,16,130
462,-0.013439,86,7,16,130
463,-0.013413,89,9,16,138
464,-0.013413,89,9,16,138
465,-0.013413,89,9,16,138
466,-0.013413,89,9,16,138
467,-0.013413,89,9,16,138
468,-0.013397,88,9,16,137
469,-0.013397,88,9,16,137
470,-0.013377,89,9,16,139
471,-0.013377,89,9,16,139
472,-0.013361,92,9,16,142
473,-0.013361,92,9,16,142
474,-0.013361,92,9,16,142
475,-0.013361,92,9,16,142
476,-0.013327,86,9,16,137
477,-0.013272,91,8,16,139
478,-0.013272,91,8,16,139
479,-0.013225,92,8,16,140
480,-0.013225,92,8,16,140
481,-0.012700,92,8,16,140
482,-0.012677,93,8,16,141
483,-0.012677,93,8,16,141
484,-0.012593,89,10,16,139
485,-0.012593,89,10,16,139
486,-0.012593,89,10,16,139
487,-0.012593,89,10,16,139
488,-0.012593,89,10,16,139
489,-0.012566,92,10,16,144
490,-0.012566,92,10,16,144
491,-0.012566,92,10,16,144
492,-0.012566,92,10,16,144
493,-0.012566,92,10,16,144
494,-0.012566,92,10,16,144
495,-0.012566,92,10,16,144
496,-0.012566,92,10,16,144
497,-0.012566,92,10,16,144
498,-0.012566,92,10,16,144
499,-0.012566,92,10,16,144
500,-0.012566,92,10,16,144
501,-0.012566,92,10,16,144
502,-0.012566,92,10,16,144
503,-0.012566,92,10,16,144
504,-0.012566,92,10,16,144
505,-0.012566,92,10,16,144
506,-0.012566,92,10,16,144
507,-0.012566,92,10,16,144
508,-0.012566,92,10,16,144
509,-0.012566,92,10,16,144
510,-0.012566,92,10,16,144
511,-0.012566,92,10,16,144
512,-0.012566,92,10,16,144
513,-0.012566,92,10,16,144
514,-0.012566,92,10,16,144
515,-0.012566,92,10,16,144
516,-0.012566,92,10,16,144
517,-0.012566,92,10,16,144
518,-0.012566,92,10,16,144
519,-0.012566,92,10,16,144
520,-0.012566,92,10,16,144
521,-0.012566,92,10,16,144
522,-0.012566,92,10,16,144
523,-0.012566,92,10,16,144
524,-0.012566,92,10,16,144
525,-0.012566,92,10,16,144
526,-0.012566,92,10,16,144
527,-0.012566,92,10,16,144
528,-0.012566,92,10,16,144
529,-0.012566,92,10,16,144
530,-0.012566,92,10,16,144
531,-0.012566,92,10,16,144
532,-0.012566,92,10,16,144
533,-0.012566,92,10,16,144
534,-0.012566,92,10,16,144
535,-0.012566,92,10,16,144
536,-0.012566,92,10,16,144
537,-0.012566,92,10,16,144
538,-0.012566,92,10,16,144
539,-0.012566,92,10,16,144
540,-0.012566,92,10,16,144
541,-0.012566,92,10,16,144
542,-0.012566,92,10,16,144
543,-0.012566,92,10,16,144
544,-0.012566,92,10,16,144
545,-0.012566,92,10,16,144
546,-0.012566,92,10,16,144
547,-0.012566,92,10,16,144
548,-0.012566,92,10,16,144
549,-0.012566,92,10,16,144
550,-0.012566,92,10,16,144
551,-0.012566,92,10,16,144
552,-0.012566,92,10,16,144
553,-0.012566,92,10,16,144
554,-0.012566,92,10,16,144
555,-0.012566,92,10,16,144
556,-0.012566,92,10,16,144
557,-0.012566,92,10,16,144
558,-0.012566,92,10,16,144
559,-0.012566,92,10,16,144
560,-0.012566,92,10,16,144
561,-0.012566,92,10,16,144
562,-0.012566,92,10,16,144
563,-0.012566,92,10,16,144
564,-0.012566,92,10,16,144
565,-0.012566,92,10,16,144
566,-0.012566,92,10,16,144
567,-0.012566,92,10,16,144
568,-0.012566,92,10,16,144
569,-0.012566,92,10,16,144
570,-0.012566,92,10,16,144
571,-0.012566,92,10,16,144
572,-0.012566,92,10,16,144
573,-0.012566,92,10,16,144
574,-0.012566,92,10,16,144
575,-0.012566,92,10,16,144
576,-0.012566,92,10,16,144
577,-0.012566,92,10,16,144
578,-0.012566,92,10,16,144
579,-0.012566,92,10,16,144
580,-0.012566,92,10,16,144
581,-0.012566,92,10,16,144
582,-0.012566,92,10,16,144
583,-0.012566,92,10,16,144
584,-0.012566,92,10,16,144
585,-0.012566,92,10,16,144
586,-0.012566,92,10,16,144
587,-0.012566,92,10,16,144
588,-0.012566,92,10,16,144
589,-0.012566,92,10,16,144
590,-0.012566,92,10,16,144
591,-0.012566,92,10,16,144
592,-0.012566,92,10,16,144
593,-0.012566,92,10,16,144
594,-0.012566,92,10,16,144
595,-0.012566,92,10,16,144
596,-0.012566,92,10,16,144
597,-0.012566,92,10,16,144
598,-0.012566,92,10,16,144
599,-0.012566,92,10,16,144
600,-0.012566,92,10,16,144
601,-0.012566,92,10,16,144
602,-0.012566,92,10,16,144
603,-0.012566,92,10,16,144
604,-0.012566,92,10,16,144
605,-0.012566,92,10,16,144
606,-0.012566,92,10,16,144
607,-0.012566,92,10,16,144
608,-0.012566,92,10,16,144
609,-0.012566,92,10,16,144
610,-0.012566,92,10,16,144
611,-0.012566,92,10,16,144
612,-0.012566,92,10,16,144
613,-0.012566,92,10,16,144
614,-0.012566,92,10,16,144
615,-0.012566,92,10,16,144
616,-0.011562,98,10,16,155
617,-0.011562,98,10,16,155
618,-0.011562,98,10,16,155
619,-0.011562,98,10,16,155
620,-0.011003,99,11,16,156
621,-0.011003,99,11,16,156
622,-0.011003,99,11,16,156
623,-0.011003,99,11,16,156
624,-0.010982,96,9,16,150
625,-0.010982,96,9,16,150
626,-0.010982,96,9,16,150
627,-0.010982,96,9,16,150
628,-0.010899,95,9,16,150
629,-0.010887,101,11,16,158
630,-0.010887,101,11,16,158
631,-0.010472,102,11,16,158
632,-0.010472,102,11,16,158
633,-0.010452,99,11,16,156
634,-0.010452,99,11,16,156
635,-0.010452,99,11,16,156
636,-0.010440,101,11,16,156
637,-0.010430,99,11,16,156
638,-0.010382,97,10,16,151
639,-0.010356,101,11,16,158
640,-0.010356,101,11,16,158
641,-0.010356,101,11,16,158
642,-0.010339,101,11,16,158
643,-0.010339,101,11,16,158
644,-0.010339,101,11,16,158
645,-0.010339,101,11,16,158
646,-0.010339,101,11,16,158
647,-0.010339,101,11,16,158
648,-0.010316,103,11,16,160
649,-0.010316,103,11,16,160
650,-0.010316,103,11,16,160
651,-0.010316,103,11,16,160
652,-0.010316,103,11,16,160
653,-0.010316,103,11,16,160
654,-0.010303,102,11,16,160
655,-0.010303,102,11,16,160
656,-0.010303,102,11,16,160
657,-0.010303,102,11,16,160
658,-0.010303,102,11,16,160
659,-0.010303,102,11,16,160
660,-0.010303,102,11,16,160
661,-0.010303,102,11,16,160
662,-0.010303,102,11,16,160
663,-0.010303,102,11,16,160
664,-0.010303,102,11,16,160
665,-0.010303,102,11,16,160
666,-0.010303,102,11,16,160
667,-0.010303,102,11,16,160
668,-0.010303,102,11,16,160
669,-0.010303,102,11,16,160
670,-0.010303,102,11,16,160
671,-0.010303,102,11,16,160
672,-0.010303,102,11,16,160
673,-0.010303,102,11,16,160
674,-0.010303,102,11,16,160
675,-0.010303,102,11,16,160
676,-0.010303,102,11,16,160
677,-0.010303,102,11,16,160
678,-0.010303,102,11,16,160
679,-0.010303,102,11,16,160
680,-0.010303,102,11,16,160
681,-0.010303,102,11,16,160
682,-0.010303,102,11,16,160
683,-0.010303,102,11,16,160
684,-0.010303,102,11,16,160
685,-0.010303,102,11,16,160
686,-0.010303,102,11,16,160
687,-0.010303,102,11,16,160
688,-0.010303,102,11,16,160
689,-0.010303,102,11,16,160
690,-0.010303,102,11,16,160
691,-0.010303,102,11,16,160
692,-0.010303,102,11,16,160
693,-0.010303,102,11,16,160
694,-0.010303,102,11,16,160
695,-0.010303,102,11,16,160
696,-0.010303,102,11,16,160
697,-0.010303,102,11,16,160
698,-0.010303,102,11,16,160
699,-0.010303,102,11,16,160
700,-0.010303,102,11,16,160
701,-0.010303,102,11,16,160
702,-0.010303,102,11,16,160
703,-0.010303,102,11,16,160
704,-0.010303,102,11,16,160
705,-0.010303,102,11,16,160
706,-0.010303,102,11,16,160
707,-0.010303,102,11,16,160
708,-0.010303,102,11,16,160
709,-0.010303,102,11,16,160
710,-0.010303,102,11,16,160
711,-0.010303,102,11,16,160
712,-0.010303,102,11,16,160
713,-0.010303,102,11,16,160
714,-0.010303,102,11,16,160
715,-0.010303,102,11,16,160
716,-0.010303,102,11,16,160
717,-0.010303,102,11,16,160
718,-0.010303,102,11,16,160
719,-0.010303,102,11,16,160
720,-0.010303,102,11,16,160
721,-0.010303,102,11,16,160
722,-0.010303,102,11,16,160
723,-0.010303,102,11,16,160
724,-0.010303,102,11,16,160
725,-0.010303,102,11,16,160
726,-0.010303,102,11,16,160
727,-0.010303,102,11,16,160
728,-0.010303,102,11,16,160
729,-0.010303,102,11,16,160
730,-0.010303,102,11,16,160
731,-0.010303,102,11,16,160
732,-0.010303,102,11,16,160
733,-0.010303,102,11,16,160
734,-0.007329,106,12,16,164
735,-0.007307,106,12,16,164
736,-0.007307,106,12,16,164
737,-0.007307,106,12,16,164
738,-0.007225,104,10,16,161
739,-0.007194,105,12,16,163
740,-0.007194,105,12,16,163
741,-0.007143,105,12,16,161
742,-0.007143,105,12,16,161
743,-0.007143,105,12,16,161
744,-0.007143,105,12,16,161
745,-0.007143,105,12,16,161
746,-0.007128,106,12,16,166
747,-0.007128,106,12,16,166
748,-0.007128,106,12,16,166
749,-0.007128,106,12,16,166
750,-0.007128,106,12,16,166
751,-0.007128,106,12,16,166
752,-0.007128,106,12,16,166
753,-0.007128,106,12,16,166
754,-0.007128,106,12,16,166
755,-0.007128,106,12,16,166
756,-0.007128,106,12,16,166
757,-0.007128,106,12,16,166
758,-0.007128,106,12,16,166
759,-0.007128,106,12,16,166
760,-0.007128,106,12,16,166
761,-0.007128,106,12,16,166
762,-0.007128,106,12,16,166
763,-0.007128,106,12,16,166
764,-0.007128,106,12,16,166
765,-0.007128,106,12,16,166
766,-0.007128,106,12,16,166
767,-0.007128,106,12,16,166
768,-0.007128,106,12,16,166
769,-0.007128,106,12,16,166
770,-0.007128,106,12,16,166
771,-0.007128,106,12,16,166
772,-0.007128,106,12,16,166
773,-0.007128,106,12,16,166
774,-0.007128,106,12,16,166
775,-0.007128,106,12,16,166
776,-0.007128,106,12,16,166
777,-0.007128,106,12,16,166
778,-0.007128,106,12,16,166
779,-0.007128,106,12,16,166
780,-0.007128,106,12,16,166
781,-0.007128,106,12,16,166
782,-0.007128,106,12,16,166
783,-0.007128,106,12,16,166
784,-0.007128,106,12,16,166
785,-0.007128,106,12,16,166
786,-0.007128,106,12,16,166
787,-0.007128,106,12,16,166
788,-0.007128,106,12,16,166
789,-0.007128,106,12,16,166
790,-0.007128,106,12,16,166
791,-0.007128,106,12,16,166
792,-0.007128,106,12,16,166
793,-0.007128,106,12,16,166
794,-0.007128,106,12,16,166
795,-0.007128,106,12,16,166
796,-0.007128,106,12,16,166
797,-0.007128,106,12,16,166
798,-0.007128,106,12,16,166
799,-0.007128,106,12,16,166
800,-0.007128,106,12,16,166
801,-0.007128,106,12,16,166
802,-0.007128,106,12,16,166
803,-0.007128,106,12,16,166
804,-0.007128,106,12,16,166
805,-0.007128,106,12,16,166
806,-0.007128,106,12,16,166
807,-0.007128,106,12,16,166
808,-0.007128,106,12,16,166
809,-0.007128,106,12,16,166
810,-0.007128,106,12,16,166
811,-0.007128,106,12,16,166
812,-0.007128,106,12,16,166
813,-0.007128,106,12,16,166
814,-0.007128,106,12,16,166
815,-0.007128,106,12,16,166
816,-0.007128,106,12,16,166
817,-0.007128,106,12,16,166
818,-0.007128,106,12,16,166
819,-0.007128,106,12,16,166
820,-0.007128,106,12,16,166
821,-0.007128,106,12,16,166
822,-0.007128,106,12,16,166
823,-0.007128,106,12,16,166
824,-0.007128,106,12,16,166
825,-0.007128,106,12,16,166
826,-0.007128,106,12,16,166
827,-0.007128,106,12,16,166
828,-0.007128,106,12,16,166
829,-0.007128,106,12,16,166
830,-0.007128,106,12,16,166
831,-0.007128,106,12,16,166
832,-0.007128,106,12,16,166
833,-0.007128,106,12,16,166
834,-0.007128,106,12,16,166
835,-0.007128,106,12,16,166
836,-0.007128,106,12,16,166
837,-0.007128,106,12,16,166
838,-0.007128,106,12,16,166
839,-0.007128,106,12,16,166
840,-0.007128,106,12,16,166
841,-0.007128,106,12,16,166
842,-0.007128,106,12,16,166
843,-0.007128,106,12,16,166
844,-0.007128,106,12,16,166
845,-0.007128,106,12,16,166
846,-0.007128,106,12,16,166
847,-0.007128,106,12,16,166
848,-0.007128,106,12,16,166
849,-0.007128,106,12,16,166
850,-0.007128,106,12,16,166
851,-0.007128,106,12,16,166
852,-0.007128,106,12,16,166
853,-0.007128,106,12,16,166
854,-0.007128,106,12,16,166
855,-0.007128,106,12,16,166
856,-0.007128,106,12,16,166
857,-0.007128,106,12,16,166
858,-0.007128,106,12,16,166
859,-0.007128,106,12,16,166
860,-0.007128,106,12,16,166
861,-0.007128,106,12,16,166
862,-0.007128,106,12,16,166
863,-0.007128,106,12,16,166
864,-0.007128,106,12,16,166
865,-0.007128,106,12,16,166
866,-0.007128,106,12,16,166
867,-0.007128,106,12,16,166
868,-0.007128,106,12,16,166
869,-0.007128,106,12,16,166
870,-0.007128,106,12,16,166
871,-0.007128,106,12,16,166
872,-0.007128,106,12,16,166
873,-0.007128,106,12,16,166
874,-0.007128,106,12,16,166
875,-0.007128,106,12,16,166
876,-0.007128,106,12,16,166
877,-0.007128,106,12,16,166
878,-0.007128,106,12,16,166
879,-0.007128,106,12,16,166
880,-0.007128,106,12,16,166
881,-0.007128,106,12,16,166
882,-0.007128,106,12,16,166
883,-0.007128,106,12,16,166
884,-0.007128,106,12,16,166
885,-0.007128,106,12,16,166
886,-0.007128,106,12,16,166
887,-0.007128,106,12,16,166
888,-0.007128,106,12,16,166
889,-0.007128,106,12,16,166
890,-0.007128,106,12,16,166
891,-0.007128,106,12,16,166
892,-0.007128,106,12,16,166
893,-0.007128,106,12,16,166
894,-0.007128,106,12,16,166
895,-0.007128,106,12,16,166
896,-0.007128,106,12,16,166
897,-0.007128,106,12,16,166
898,-0.007128,106,12,16,166
899,-0.007128,106,12,16,166
900,-0.007128,106,12,16,166
901,-0.007128,106,12,16,166
902,-0.007128,106,12,16,166
903,-0.007128,106,12,16,166
904,-0.007128,106,12,16,166
905,-0.007128,106,12,16,166
906,-0.007128,106,12,16,166
907,-0.007128,106,12,16,166
908,-0.007128,106,12,16,166
909,-0.007128,106,12,16,166
910,-0.007128,106,12,16,166
911,-0.007128,106,12,16,166
912,-0.007128,106,12,16,166
913,-0.007128,106,12,16,166
914,-0.007128,106,12,16,166
915,-0.007128,106,12,16,166
916,-0.007128,106,12,16,166
917,-0.007128,106,12,16,166
918,-0.007128,106,12,16,166
919,-0.007128,106,12,16,166
920,-0.007128,106,12,16,166
921,-0.007128,106,12,16,166
922,-0.007128,106,12,16,166
923,-0.007128,106,12,16,166
924,-0.007128,106,12,16,166
925,-0.007128,106,12,16,166
926,-0.007128,106,12,16,166
927,-0.007128,106,12,16,166
928,-0.007128,106,12,16,166
929,-0.007128,106,12,16,166
930,-0.007128,106,12,16,166
931,-0.007128,106,12,16,166
932,-0.007128,106,12,16,166
933,-0.007128,106,12,16,166
934,-0.007128,106,12,16,166
935,-0.007128,106,12,16,166
936,-0.007128,106,12,16,166
937,-0.007128,106,12,16,166
938,-0.007128,106,12,16,166
939,-0.007128,106,12,16,166
940,-0.007128,106,12,16,166
941,-0.007128,106,12,16,166
942,-0.007128,106,12,16,166
943,-0.007128,106,12,16,166
944,-0.007128,106,12,16,166
945,-0.007128,106,12,16,166
946,-0.007128,106,12,16,166
947,-0.007128,106,12,16,166
948,-0.007128,106,12,16,166
949,-0.007128,106,12,16,166
950,-0.007128,106,12,16,166
951,-0.007128,106,12,16,166
952,-0.007128,106,12,16,166
953,-0.007128,106,12,16,166
954,-0.007128,106,12,16,166
955,-0.007128,106,12,16,166
956,-0.007128,106,12,16,166
957,-0.007128,106,12,16,166
958,-0.007128,106,12,16,166
959,-0.007128,106,12,16,166
960,-0.007128,106,12,16,166
961,-0.007128,106,12,16,166
962,-0.007128,106,12,16,166
963,-0.007128,106,12,16,166
964,-0.007128,106,12,16,166
965,-0.007128,106,12,16,166
966,-0.007128,106,12,16,166
967,-0.007128,106,12,16,166
968,-0.007128,106,12,16,166
969,-0.007128,106,12,16,166
970,-0.007128,106,12,16,166
971,-0.007128,106,12,16,166
972,-0.007128,106,12,16,166
973,-0.007128,106,12,16,166
974,-0.007128,106,12,16,166
975,-0.007128,106,12,16,166
976,-0.007128,106,12,16,166
977,-0.007128,106,12,16,166
978,-0.007128,106,12,16,166
979,-0.007128,106,12,16,166
980,-0.007128,106,12,16,166
981,-0.007128,106,12,16,166
982,-0.007128,106,12,16,166
983,-0.007128,106,12,16,166
984,-0.007128,106,12,16,166
985,-0.007128,106,12,16,166
986,-0.007128,106,12,16,166
987,-0.007128,106,12,16,166
988,-0.007128,106,12,16,166
989,-0.007128,106,12,16,166
990,-0.007128,106,12,16,166
991,-0.007128,106,12,16,166
992,-0.007128,106,12,16,166
993,-0.007128,106,12,16,166
994,-0.007128,106,12,16,166
995,-0.007128,106,12,16,166
996,-0.007128,106,12,16,166
997,-0.007128,106,12,16,166
998,-0.007128,106,12,16,166
999,-0.007128,106,12,16,166
1000,-0.007128,106,12,16,166
1001,-0.007128,106,12,16,166
1002,-0.007128,106,12,16,166
1003,-0.007128,106,12,16,166
1004,-0.007128,106,12,16,166
1005,-0.007128,106,12,16,166
1006,-0.007128,106,12,16,166
1007,-0.007128,106,12,16,166
1008,-0.007128,106,12,16,166
1009,-0.007128,106,12,16,166
1010,-0.007128,106,12,16,166
1011,-0.007128,106,12,16,166
1012,-0.007128,106,12,16,166
1013,-0.007128,106,12,16,166
1014,-0.007118,111,12,16,173
1015,-0.007118,111,12,16,173
1016,-0.007118,111,12,16,173
1017,-0.007118,111,12,16,173
1018,-0.007118,111,12,16,173
1019,-0.007118,111,12,16,173
1020,-0.007118,111,12,16,173
1021,-0.007118,111,12,16,173
1022,-0.007118,111,12,16,173
1023,-0.007118,111,12,16,173
1024,-0.007118,111,12,16,173
1025,-0.007118,111,12,16,173
1026,-0.007118,111,12,16,173
1027,-0.007118,111,12,16,173
1028,-0.007118,111,12,16,173
1029,-0.007118,111,12,16,173
1030,-0.007118,111,12,16,173
1031,-0.007118,111,12,16,173
1032,-0.007118,111,12,16,173
1033,-0.007118,111,12,16,173
1034,-0.007118,111,12,16,173
1035,-0.007118,111,12,16,173
1036,-0.007118,111,12,16,173
1037,-0.007118,111,12,16,173
1038,-0.007118,111,12,16,173
1039,-0.007118,111,12,16,173
1040,-0.007118,111,12,16,173
1041,-0.007118,111,12,16,173
1042,-0.007118,111,12,16,173
1043,-0.007118,111,12,16,173
1044,-0.007118,111,12,16,173
1045,-0.007118,111,12,16,173
1046,-0.007106,110,12,16,172
1047,-0.007106,110,12,16,172
1048,-0.007106,110,12,16,172
1049,-0.007106,110,12,16,172
1050,-0.007106,110,12,16,172
1051,-0.007106,110,12,16,172
1052,-0.007106,110,12,16,172
1053,-0.007106,110,12,16,172
1054,-0.007106,110,12,16,172
1055,-0.007106,110,12,16,172
1056,-0.007106,110,12,16,172
1057,-0.007106,110,12,16,172
1058,-0.007106,110,12,16,172
1059,-0.007106,110,12,16,172
1060,-0.007106,110,12,16,172
1061,-0.007106,110,12,16,172
1062,-0.007106,110,12,16,172
1063,-0.007106,110,12,16,172
1064,-0.007106,110,12,16,172
1065,-0.007106,110,12,16,172
1066,-0.007106,110,12,16,172
1067,-0.007106,110,12,16,172
1068,-0.007106,110,12,16,172
1069,-0.007106,110,12,16,172
1070,-0.007106,110,12,16,172
1071,-0.007106,110,12,16,172
1072,-0.007106,110,12,16,172
1073,-0.007106,110,12,16,172
1074,-0.007106,110,12,16,172
1075,-0.007106,110,12,16,172
1076,-0.007106,110,12,16,172
1077,-0.007106,110,12,16,172
1078,-0.007106,110,12,16,172
1079,-0.007106,110,12,16,172
1080,-0.007106,110,12,16,172
1081,-0.007106,110,12,16,172
1082,-0.007106,110,12,16,172
1083,-0.007106,110,12,16,172
1084,-0.007106,110,12,16,172
1085,-0.007106,110,12,16,172
1086,-0.007106,110,12,16,172
1087,-0.007106,110,12,16,172
1088,-0.007106,110,12,16,172
1089,-0.007106,110,12,16,172
1090,-0.007106,110,12,16,172
1091,-0.007106,110,12,16,172
1092,-0.007106,110,12,16,172
1093,-0.007106,110,12,16,172
1094,-0.007106,110,12,16,172
1095,-0.007106,110,12,16,172
1096,-0.007106,110,12,16,172
1097,-0.007106,110,12,16,172
1098,-0.007106,110,12,16,172
1099,-0.007106,110,12,16,172
1100,-0.007106,110,12,16,172
1101,-0.007106,110,12,16,172
1102,-0.007106,110,12,16,172
1103,-0.007106,110,12,16,172
1104,-0.007106,110,12,16,172
1105,-0.007106,110,12,16,172
1106,-0.007106,110,12,16,172
1107,-0.007106,110,12,16,172
1108,-0.007106,110,12,16,172
1109,-0.007106,110,12,16,172
1110,-0.007106,110,12,16,172
1111,-0.007106,110,12,16,172
1112,-0.007106,110,12,16,172
1113,-0.007106,110,12,16,172
1114,-0.007106,110,12,16,172
1115,-0.007106,110,12,16,172
1116,-0.007106,110,12,16,172
1117,-0.007106,110,12,16,172
1118,-0.007106,110,12,16,172
1119,-0.007106,110,12,16,172
1120,-0.007106,110,12,16,172
1121,-0.007106,110,12,16,172
1122,-0.007106,110,12,16,172
1123,-0.007106,110,12,16,172
1124,-0.007106,110,12,16,172
1125,-0.007106,110,12,16,172
1126,-0.007106,110,12,16,172
1127,-0.007106,110,12,16,172
1128,-0.007106,110,12,16,172
1129,-0.007106,110,12,16,172
1130,-0.007106,110,12,16,172
1131,-0.007106,110,12,16,172
1132,-0.007106,110,12,16,172
1133,-0.007106,110,12,16,172
1134,-0.007106,110,12,16,172
1135,-0.007106,110,12,16,172
1136,-0.007106,110,12,16,172
1137,-0.007106,110,12,16,172
1138,-0.007106,110,12,16,172
1139,-0.007106,110,12,16,172
1140,-0.007106,110,12,16,172
1141,-0.007106,110,12,16,172
1142,-0.007106,110,12,16,172
1143,-0.007106,110,12,16,172
1144,-0.007106,110,12,16,172
1145,-0.007106,110,12,16,172
1146,-0.007106,110,12,16,172
1147,-0.007106,110,12,16,172
1148,-0.007106,110,12,16,172
1149,-0.007106,110,12,16,172
1150,-0.007106,110,12,16,172
1151,-0.007106,110,12,16,172
1152,-0.007106,110,12,16,172
1153,-0.007106,110,12,16,172
1154,-0.007106,110,12,16,172
1155,-0.007106,110,12,16,172
1156,-0.007106,110,12,16,172
1157,-0.007106,110,12,16,172
1158,-0.007106,110,12,16,172
1159,-0.007106,110,12,16,172
1160,-0.007106,110,12,16,172
1161,-0.007106,110,12,16,172
1162,-0.007106,110,12,16,172
1163,-0.007106,110,12,16,172
1164,-0.007106,110,12,16,172
1165,-0.007106,110,12,16,172
1166,-0.007106,110,12,16,172
1167,-0.007106,110,12,16,172
1168,-0.007106,110,12,16,172
1169,-0.007106,110,12,16,172
1170,-0.007106,110,12,16,172
1171,-0.007106,110,12,16,172
1172,-0.007106,110,12,16,172
1173,-0.007106,110,12,16,172
1174,-0.007106,110,12,16,172
1175,-0.007106,110,12,16,172
1176,-0.007106,110,12,16,172
1177,-0.007106,110,12,16,172
1178,-0.007106,110,12,16,172
1179,-0.007106,110,12,16,172
1180,-0.007106,110,12,16,172
1181,-0.007106,110,12,16,172
1182,-0.007106,110,12,16,172
1183,-0.007106,110,12,16,172
1184,-0.007084,100,10,16,164
1185,-0.007084,100,10,16,164
1186,-0.007084,100,10,16,164
1187,-0.007084,100,10,16,164
1188,-0.007084,100,10,16,164
1189,-0.007084,100,10,16,164
1190,-0.007084,100,10,16,164
1191,-0.007084,100,10,16,164
1192,-0.007084,100,10,16,164
1193,-0.007084,100,10,16,164
1194,-0.007084,100,10,16,164
1195,-0.007084,100,10,16,164
1196,-0.007084,100,10,16,164
1197,-0.007084,100,10,16,164
1198,-0.007084,100,10,16,164
1199,-0.007084,100,10,16,164
1200,-0.007084,100,10,16,164
1201,-0.007084,100,10,16,164
1202,-0.007084,100,10,16,164
1203,-0.007084,100,10,16,164
1204,-0.007084,100,10,16,164
1205,-0.007084,100,10,16,164
1206,-0.007084,100,10,16,164
1207,-0.007084,100,10,16,164
1208,-0.007084,100,10,16,164
1209,-0.007084,100,10,16,164
1210,-0.007084,100,10,16,164
1211,-0.007084,100,10,16,164
1212,-0.007084,100,10,16,164
1213,-0.007084,100,10,16,164
1214,-0.007084,100,10,16,164
1215,-0.007084,100,10,16,164
1216,-0.007084,100,10,16,164
1217,-0.007084,100,10,16,164
1218,-0.007084,100,10,16,164
1219,-0.007084,100,10,16,164
1220,-0.007084,100,10,16,164
1221,-0.007084,100,10,16,164
1222,-0.007084,100,10,16,164
1223,-0.007084,100,10,16,164
1224,-0.007084,100,10,16,164
1225,-0.007084,100,10,16,164
1226,-0.007084,100,10,16,164
1227,-0.007084,100,10,16,164
1228,-0.007084,100,10,16,164
1229,-0.007084,100,10,16,164
1230,-0.007084,100,10,16,164
1231,-0.007084,100,10,16,164
1232,-0.007084,100,10,16,164
1233,-0.007084,100,10,16,164
1234,-0.007084,100,10,16,164
1235,-0.007084,100,10,16,164
1236,-0.007084,100,10,16,164
1237,-0.007084,100,10,16,164
1238,-0.007084,100,10,16,164
1239,-0.007084,100,10,16,164
1240,-0.007084,100,10,16,164
1241,-0.007084,100,10,16,164
1242,-0.007084,100,10,16,164
1243,-0.007084,100,10,16,164
1244,-0.007084,100,10,16,164
1245,-0.007084,100,10,16,164
1246,-0.007084,100,10,16,164
1247,-0.007084,100,10,16,164
1248,-0.007084,100,10,16,164
1249,-0.007084,100,10,16,164
1250,-0.007084,100,10,16,164
1251,-0.007084,100,10,16,164
1252,-0.007084,100,10,16,164
1253,-0.007084,100,10,16,164
1254,-0.007084,100,10,16,164
1255,-0.007084,100,10,16,164
1256,-0.007084,100,10,16,164
1257,-0.007084,100,10,16,164
1258,-0.007084,100,10,16,164
1259,-0.007084,100,10,16,164
1260,-0.007084,100,10,16,164
1261,-0.007084,100,10,16,164
1262,-0.007084,100,10,16,164
1263,-0.007084,100,10,16,164
1264,-0.007084,100,10,16,164
1265,-0.007084,100,10,16,164
1266,-0.007084,100,10,16,164
1267,-0.007084,100,10,16,164
1268,-0.007084,100,10,16,164
1269,-0.007084,100,10,16,164
1270,-0.007084,100,10,16,164
1271,-0.007084,100,10,16,164
1272,-0.007084,100,10,16,164
1273,-0.007084,100,10,16,164
1274,-0.007084,100,10,16,164
1275,-0.007084,100,10,16,164
1276,-0.007084,100,10,16,164
1277,-0.007084,100,10,16,164
1278,-0.007084,100,10,16,164
1279,-0.007084,100,10,16,164
1280,-0.007084,100,10,16,164
1281,-0.007084,100,10,16,164
1282,-0.007084,100,10,16,164
1283,-0.007084,100,10,16,164
1284,-0.007084,100,10,16,164
1285,-0.007084,100,10,16,164
1286,-0.007084,100,10,16,164
1287,-0.007084,100,10,16,164
1288,-0.007084,100,10,16,164
1289,-0.007084,100,10,16,164
1290,-0.007084,100,10,16,164
1291,-0.007084,100,10,16,164
1292,-0.007084,100,10,16,164
1293,-0.007084,100,10,16,164
1294,-0.007084,100,10,16,164
1295,-0.007084,100,10,16,164
1296,-0.007084,100,10,16,164
1297,-0.007084,100,10,16,164
1298,-0.007084,100,10,16,164
1299,-0.007084,100,10,16,164
1300,-0.007084,100,10,16,164
1301,-0.007084,100,10,16,164
1302,-0.007084,100,10,16,164
1303,-0.007084,100,10,16,164
1304,-0.007084,100,10,16,164
1305,-0.006908,100,12,16,170
1306,-0.006908,100,12,16,170
1307,-0.006890,104,13,16,174
1308,-0.005947,102,12,16,171
1309,-0.005947,102,12,16,171
1310,-0.005947,102,12,16,171
1311,-0.005929,108,12,16,176
1312,-0.005929,108,12,16,176
1313,-0.005929,108,12,16,176
1314,-0.005929,108,12,16,176
1315,-0.005929,108,12,16,176
1316,-0.005919,101,11,16,168
1317,-0.005919,101,11,16,168
1318,-0.005919,101,11,16,168
1319,-0.005919,101,11,16,168
1320,-0.005888,106,12,16,175
1321,-0.005865,107,12,16,175
1322,-0.005803,111,13,16,181
1323,-0.005762,110,13,16,181
1324,-0.005762,110,13,16,181
1325,-0.005762,110,13,16,181
1326,-0.005762,110,13,16,181
1327,-0.005762,110,13,16,181
1328,-0.005762,110,13,16,181
1329,-0.005722,111,13,16,182
1330,-0.005711,113,12,16,184
1331,-0.005711,113,12,16,184
1332,-0.005711,113,12,16,184
1333,-0.005711,113,12,16,184
1334,-0.005699,111,13,16,182
1335,-0.005699,111,13,16,182
1336,-0.005699,111,13,16,182
1337,-0.005699,111,13,16,182
1338,-0.005699,111,13,16,182
1339,-0.005699,111,13,16,182
1340,-0.005699,111,13,16,182
1341,-0.005699,111,13,16,182
1342,-0.005699,111,13,16,182
1343,-0.005699,111,13,16,182
1344,-0.005699,111,13,16,182
1345,-0.005699,111,13,16,182
1346,-0.005699,111,13,16,182
1347,-0.005699,111,13,16,182
1348,-0.005699,111,13,16,182
1349,-0.005504,112,12,16,182
1350,-0.005504,112,12,16,182
1351,-0.005504,112,12,16,182
1352,-0.005504,112,12,16,182
1353,-0.005504,112,12,16,182
1354,-0.005504,112,12,16,182
1355,-0.005504,112,12,16,182
1356,-0.005504,112,12,16,182
1357,-0.005504,112,12,16,182
1358,-0.005504,112,12,16,182
1359,-0.005504,112,12,16,182
1360,-0.005478,113,12,16,182
1361,-0.005478,113,12,16,182
1362,-0.005478,113,12,16,182
1363,-0.005478,113,12,16,182
1364,-0.005478,113,12,16,182
1365,-0.005478,113,12,16,182
1366,-0.005478,113,12,16,182
1367,-0.005478,113,12,16,182
1368,-0.005478,113,12,16,182
1369,-0.005478,113,12,16,182
1370,-0.005478,113,12,16,182
1371,-0.005478,113,12,16,182
1372,-0.005478,113,12,16,182
1373,-0.005478,113,12,16,182
1374,-0.005478,113,12,16,182
1375,-0.005478,113,12,16,182
1376,-0.005478,113,12,16,182
1377,-0.005478,113,12,16,182
1378,-0.005478,113,12,16,182
1379,-0.005478,113,12,16,182
1380,-0.005478,113,12,16,182
1381,-0.005478,113,12,16,182
1382,-0.005478,113,12,16,182
1383,-0.005478,113,12,16,182
1384,-0.005478,113,12,16,182
1385,-0.005478,113,12,16,182
1386,-0.005478,113,12,16,182
1387,-0.005478,113,12,16,182
1388,-0.005478,113,12,16,182
1389,-0.005478,113,12,16,182
1390,-0.005478,113,12,16,182
1391,-0.005478,113,12,16,182
1392,-0.005478,113,12,16,182
1393,-0.005478,113,12,16,182
1394,-0.005478,113,12,16,182
1395,-0.005478,113,12,16,182
1396,-0.005478,113,12,16,182
1397,-0.005478,113,12,16,182
1398,-0.005478,113,12,16,182
1399,-0.005478,113,12,16,182
1400,-0.005478,113,12,16,182
1401,-0.005478,113,12,16,182
1402,-0.005478,113,12,16,182
1403,-0.005478,113,12,16,182
1404,-0.005478,113,12,16,182
1405,-0.005478,113,12,16,182
1406,-0.005478,113,12,16,182
1407,-0.005478,113,12,16,182
1408,-0.005478,113,12,16,182
1409,-0.005478,113,12,16,182
1410,-0.005478,113,12,16,182
1411,-0.005478,113,12,16,182
1412,-0.005478,113,12,16,182
1413,-0.005478,113,12,16,182
1414,-0.005478,113,12,16,182
1415,-0.005478,113,12,16,182
1416,-0.005478,113,12,16,182
1417,-0.005478,113,12,16,182
1418,-0.005478,113,12,16,182
1419,-0.005478,113,12,16,182
1420,-0.005478,113,12,16,182
1421,-0.005478,113,12,16,182
1422,-0.005478,113,12,16,182
1423,-0.005478,113,12,16,182
1424,-0.005478,113,12,16,182
1425,-0.005478,113,12,16,182
1426,-0.005478,113,12,16,182
1427,-0.005478,113,12,16,182
1428,-0.005478,113,12,16,182
1429,-0.005478,113,12,16,182
1430,-0.005478,113,12,16,182
1431,-0.005478,113,12,16,182
1432,-0.005478,113,12,16,182
1433,-0.005478,113,12,16,182
1434,-0.005478,113,12,16,182
1435,-0.005478,113,12,16,182
1436,-0.005478,113,12,16,182
1437,-0.005478,113,12,16,182
1438,-0.005478,113,12,16,182
1439,-0.005478,113,12,16,182
1440,-0.005478,113,12,16,182
1441,-0.005478,113,12,16,182
1442,-0.005478,113,12,16,182
1443,-0.005478,113,12,16,182
1444,-0.005478,113,12,16,182
1445,-0.005466,109,12,16,180
1446,-0.005466,109,12,16,180
1447,-0.005466,109,12,16,180
1448,-0.005466,109,12,16,180
1449,-0.005466,109,12,16,180
1450,-0.005466,109,12,16,180
1451,-0.005466,109,12,16,180
1452,-0.005466,109,12,16,180
1453,-0.005466,109,12,16,180
1454,-0.005466,109,12,16,180
1455,-0.005466,109,12,16,180
1456,-0.005466,109,12,16,180
1457,-0.005466,109,12,16,180
1458,-0.005466,109,12,16,180
1459,-0.005466,109,12,16,180
1460,-0.005466,109,12,16,180
1461,-0.005466,109,12,16,180
1462,-0.005466,109,12,16,180
1463,-0.005466,109,12,16,180
1464,-0.005466,109,12,16,180
1465,-0.005466,109,12,16,180
1466,-0.005466,109,12,16,180
1467,-0.005466,109,12,16,180
1468,-0.005466,109,12,16,180
1469,-0.005466,109,12,16,180
1470,-0.005466,109,12,16,180
1471,-0.005466,109,12,16,180
1472,-0.005466,109,12,16,180
1473,-0.005466,109,12,16,180
1474,-0.005466,109,12,16,180
1475,-0.005466,109,12,16,180
1476,-0.005466,109,12,16,180
1477,-0.005466,109,12,16,180
1478,-0.005466,109,12,16,180
1479,-0.005466,109,12,16,180
1480,-0.005466,109,12,16,180
1481,-0.005466,109,12,16,180
1482,-0.005466,109,12,16,180
1483,-0.005466,109,12,16,180
1484,-0.005466,109,12,16,180
1485,-0.005466,109,12,16,180
1486,-0.005466,109,12,16,180
1487,-0.005466,109,12,16,180
1488,-0.005466,109,12,16,180
1489,-0.005466,109,12,16,180
1490,-0.005466,109,12,16,180
1491,-0.005466,109,12,16,180
1492,-0.005466,109,12,16,180
1493,-0.005466,109,12,16,180
1494,-0.005466,109,12,16,180
1495,-0.005466,109,12,16,180
1496,-0.005466,109,12,16,180
1497,-0.005466,109,12,16,180
1498,-0.005466,109,12,16,180
1499,-0.005466,109,12,16,180
